"","ID","PreScore"
"1","4217",4
"2","4216",5
"3","4232",7
"4","4233",9
"5","4235",5
"6","4230",7
"7","4420",7
"8","4421",1
"9","4234",7
"10","4219",8
"11","4229",8
"12","4236",8
"13","4227",4
"14","4228",7
"15","4224",2
"16","4226",5
"17","4225",1
"18","4254",3
"19","4267",8
"20","4255",12
"21","4261",15
"22","4246",12
"23","4251",3
"24","4241",11
"25","4247",7
"26","4256",4
"27","4253",5
"28","4263",7
"29","4244",5
"30","4252",4
"31","4257",7
"32","4264F",3
"33","4259",7
"34","4242",10
"35","4265",7
"36","4282A",6
"37","4276",16
"38","4272",14
"39","4284",8
"40","4292F",6
"41","4280",5
"42","4294F",8
"43","4287",6
"44","4275",13
"45","4273",15
"46","4289",4
"47","4291F",9
"48","4277",9
"49","4286",12
"50","4285",12
"51","4270",4
"52","4293F",5
"53","4243",13
"54","4271",14
"55","4264",14
"56","4268",11
"57","4258",12
"58","4249",11
"59","4240",2
"60","4260",10
"61","4269",6
"62","4248",9
"63","4290",15
"64","4283",5
"65","4288",13
"66","4321",5
"67","4300",3
"68","4304",8
"69","4303",4
"70","4312",6
"71","4322",4
"72","4313",10
"73","4315",11
"74","4319",6
"75","4318",6
"76","4296",5
"77","4308",6
"78","4036",10
"79","4307",7
"80","4301",9
"81","4294",2
"82","4299",2
"83","4309",9
"84","4302",2
"85","4278",10
"86","4291",9
"87","4282K",9
"88","4293",6
"89","4443",15
"90","4327",13
"91","4330",6
"92","4337",15
"93","4343",4
"94","4328",15
"95","4324",14
"96","4348",8
"97","4338",14
"98","4332",13
"99","4346",7
"100","4347",14
"101","4339",8
"102","4353",9
"103","4367",16
"104","4365",12
"105","4357",7
"106","4373",13
"107","4359",16
"108","4352",15
"109","4362",10
"110","4363",16
"111","4366",14
"112","4356",11
"113","4364",15
"114","4355",15
"115","4325",11
"116","4342",14
"117","4391",6
"118","4393",4
"119","4390",11
"120","4385",16
"121","4384",8
"122","4392",11
"123","4380",7
"124","4386",6
"125","4394",13
"126","4383",6
"127","4382",5
"128","4379",7
"129","4376",10
"130","4404",10
"131","4410",10
"132","4411",8
"133","4406",8
"134","4400",4
"135","4396",7
"136","4407",6
"137","4399",7
"138","4413",12
"139","4401",13
"140","4397",6
"141","4416",5
"142","4429",8
"143","4442",6
"144","4428",16
"145","4424",7
"146","4433",14
"147","4283F",6
"148","4423",14
"149","4436",12
"150","4430",12
"151","4431",11
"152","4441",6
"153","4437",7
"154","4434",9
"155","4427",12
"156","4426",8
"157","4440",9
"158","4446",11
"159","4432",10
"160","4438",12
"161","4449",8
"162","4435",13
"163","4448",15
"164","4455",8
"165","4451",10
"166","4447",12
"167","4459",10
"168","4457",6
"169","4456",8
"170","4454",4
"171","4458",14
"172","4460",3
"173","4450",13
"174","4453",7
"175","4452",11
"176","4239",6
"177","4408",3
"178","4490",2
"179","4465",8
"180","4467",5
"181","4472",4
"182","4507",8
"183","4518",6
"184","4503",5
"185","4479",8
"186","4524",10
"187","4485",5
"188","4476",6
"189","4483",6
"190","4510",8
"191","4482",7
"192","4520",2
"193","4498",6
"194","4500",13
"195","4513",1
"196","4484",4
"197","4492",4
"198","4522",7
"199","4461",15
"200","4494",13
"201","4514",6
"202","4517",14
"203","4515",4
"204","4488",6
"205","4478",7
"206","4502",8
"207","4521",8
"208","4509",3
"209","4501",4
"210","4499",7
"211","4505",8
"212","4495",6
"213","4344",13
"214","4292BM",5
"215","4279",13
"216","4341",12
"217","4279F",11
"218","4281F",8
"219","4245",16
"220","4335",11
"221","4326",5
"222","4334",11
"223","4370",6
"224","4360",8
"225","4345",4
"226","4350",11
"227","4463",8
"228","4562",7
"229","4563",8
"230","4564",13
"231","4537",10
"232","4558",5
"233","4550",8
"234","4573",6
"235","4536",9
"236","45710",4
"237","45719",4
"238","4566",9
"239","4546",15
"240","4554",5
"241","4535",6
"242","4553",6
"243","4540",12
"244","4358F",6
"245","4572",8
"246","4549",5
"247","4568",7
"248","4543",8
"249","4569",6
"250","4574",7
"251","4560",6
"252","4527",7
"253","4548",10
"254","4559",4
"255","4531",5
"256","4545",6
"257","4533",8
"258","4480",7
"259","4358",13
"260","4381",11
"261","4374",14
"262","4317",11
"263","4314",7
"264","4305",6
"265","4326F",8
"266","4281",16
"267","4316",7
"268","4372",7
"269","4292R",11
"270","4329",9
"271","4375",11
"272","4310",6
"273","4353F",7
"274","4371",10
"275","4648",10
"276","4632",8
"277","4664",6
"278","4636",9
"279","4668C",7
"280","4295",13
"281","4639",7
"282","4631",5
"283","4650",6
"284","4635",8
"285","4643",8
"286","4659",8
"287","4642",6
"288","4665",8
"289","46571",7
"290","4677",2
"291","4673",8
"292","4672",13
"293","4660",6
"294","4678",14
"295","4676",14
"296","4666",14
"297","4646",9
"298","4611",8
"299","4602",4
"300","4626",8
"301","4589",8
"302","4586",7
"303","4581F",7
"304","4591",2
"305","4627",6
"306","4623",8
"307","4601",9
"308","4600",12
"309","4608",4
"310","4599",9
"311","4610",4
"312","4609",3
"313","4607",7
"314","4578",7
"315","4588",5
"316","4617",4
"317","4613",4
"318","4583",5
"319","4585",10
"320","4616",3
"321","4595",7
"322","4619",8
"323","4579",16
"324","4620",4
"325","4592",11
"326","4598",8
"327","4663",5
"328","4670",14
"329","4652",6
"330","4419",4
"331","4653",8
"332","4669",13
"333","4389",7
"334","4667",8
"335","4541",9
"336","4686",4
"337","4542",5
"338","4645",5
"339","4656",5
"340","4395",14
"341","4681",10
"342","4414",9
"343","4508",4
"344","4464",4
"345","4683",6
"346","4539",5
"347","4653F",4
"348","4657",5
"349","4506",8
"350","4668",15
"351","4684",16
"352","4637",13
"353","4311",6
"354","4297",4
"355","4707",7
"356","4698",6
"357","4703",5
"358","4712",9
"359","4702",7
"360","4691",5
"361","4693",2
"362","4704",5
"363","4736",6
"364","4771F",6
"365","4697",5
"366","4717",9
"367","4723",11
"368","4726",8
"369","4714",13
"370","4716",4
"371","4718",8
"372","4730",10
"373","4725",13
"374","4720",7
"375","4728",6
"376","4606",7
"377","4733",5
"378","4731",10
"379","4727",4
"380","4729",6
"381","4722",8
"382","4753B",16
"383","4604",5
"384","4737",4
"385","4746B",6
"386","4763B",8
"387","4759",12
"388","4766",10
"389","4768B",14
"390","4762",6
"391","4764",15
"392","4758",8
"393","4769B",6
"394","4754B",5
"395","4761",6
"396","4756B",15
"397","4755B",6
"398","4710",8
"399","4746",5
"400","4739",8
"401","4754",3
"402","4755",4
"403","4742",7
"404","4750",7
"405","4748",8
"406","4753",3
"407","4743",4
"408","4760",5
"409","4767",12
"410","4778",7
"411","4777",7
"412","4763",7
"413","4768",12
"414","4773",2
"415","4765",5
"416","4764F",7
"417","4770",8
"418","4775",4
"419","4769",8
"420","4771",7
"421","4740",10
"422","4824",2
"423","4816",6
"424","4820",3
"425","4817",6
"426","4824I",10
"427","4815",8
"428","4825",4
"429","4819",4
"430","4822",7
"431","4821",7
"432","4818",5
"433","4781",15
"434","4789",12
"435","4782",7
"436","4786",11
"437","4783",7
"438","4787",2
"439","4785",15
"440","4780",14
"441","4788",8
"442","4784",10
"443","4779",7
"444","4756",5
"445","4795",15
"446","4805",5
"447","4799",4
"448","4796",10
"449","4791",5
"450","4808",14
"451","4806",13
"452","4793",7
"453","4809",14
"454","4807",10
"455","4800",8
"456","4812",13
"457","4810",5
"458","4803",14
"459","4802",14
"460","4813",11
"461","4801",7
"462","4836",12
"463","4832",3
"464","4838",9
"465","4833",5
"466","4828",14
"467","4831",8
"468","4834",6
"469","4835",11
"470","4826",7
"471","4827",7
"472","4829",8
"473","4837",6
"474","4830",13
"475","4846",15
"476","4847",10
"477","4855",9
"478","4850",2
"479","4581",13
"480","4849",6
"481","4845",8
"482","4848",7
"483","4839",8
"484","4857",5
"485","4856",8
"486","4842",11
"487","4852",5
"488","4752",15
"489","4859",7
"490","4871",4
"491","4873",6
"492","4858",4
"493","4874",6
"494","4863",9
"495","4864",3
"496","4860",4
"497","4866",7
"498","4869",15
"499","4862",12
"500","4870",7
"501","4868",9
"502","4861",7
"503","4892",8
"504","48982",5
"505","48994",6
"506","48981",7
"507","4879F",8
"508","4883",8
"509","4919",12
"510","4879",14
"511","4913",9
"512","4897",15
"513","4911",16
"514","4904",16
"515","4895",16
"516","4910",10
"517","4901",14
"518","4884",15
"519","4898",12
"520","4917",15
"521","4924",13
"522","4908",16
"523","4900",14
"524","4922",11
"525","4906",12
"526","48991",12
"527","4885",14
"528","4914",14
"529","4921",7
"530","4903",6
"531","4902",10
"532","4909",16
"533","4912",13
"534","4926",13
"535","4886",8
"536","4907",5
"537","4888",14
"538","4896",16
"539","4927",13
"540","4878",15
"541","4923",10
"542","4880",11
"543","4920",7
"544","4887",11
"545","4929",7
"546","4930",6
"547","4957",12
"548","4934",13
"549","4954",14
"550","4956",12
"551","4948",10
"552","4937",10
"553","4950",13
"554","4952",12
"555","4928",13
"556","4933",6
"557","4943",14
"558","4931",15
"559","4941",13
"560","4946",15
"561","4947",10
"562","4942",9
"563","4945",3
"564","4932",12
"565","4935",13
"566","4940",15
"567","4955",16
"568","4920",0
"569","4936",13
